id;name;phone;email;address;gender;date_of_birth
1;gee so;305.728.4857 x54298;Lesly.Bruen29@hotmail.com;uh-huh;MALE;2025-04-17
2;drat;954-532-4931 x080;Jose.Marks34@gmail.com;descriptive;MALE;2025-04-17
3;dress;1-338-888-0012 x1696;Isai_Toy@hotmail.com;warmly;MALE;2025-04-17
4;meadow management circa;(292) 956-9936;Vella.Wisozk@hotmail.com;whoever humiliating;FEMALE;2025-04-17
5;inasmuch;805-235-7967 x080;Vivienne_Mueller50@yahoo.com;than;MALE;2025-04-17
6;failing lobotomise upright;(520) 816-9007 x3767;Ambrose.Sawayn-Fadel@hotmail.com;bah;MALE;2025-04-17
7;into eek;1-586-763-2904;Nya.Borer-Marquardt4@yahoo.com;amongst per;FEMALE;2025-04-17
8;perfectly trouser authorized;(657) 373-1576 x829;Eugene_Walsh@gmail.com;until sans;MALE;2025-04-18
9;dearly;248.907.3447 x39384;Zelma.Mraz@gmail.com;clone hopelessly;FEMALE;2025-04-17
10;forenenst inwardly;768.960.6431 x947;Alexys30@yahoo.com;evenly meanwhile omelet;MALE;2025-04-17
